Time,Attribute,State,Phase
9001.150000010966,tingling,1,ON_TCATA
9210.800000000745,tingling,0,ON_TCATA
9687.235000004875,numbness,1,ON_TCATA
9888.925000006566,numbness,0,ON_TCATA
10454.100000002654,tingling,1,ON_TCATA
10668.750000011642,tingling,0,ON_TCATA
13702.835000003688,cold,1,OFF_TCATA
13883.030000011786,cold,0,OFF_TCATA
14398.225000011735,numbness,1,OFF_TCATA
14660.325000004377,numbness,0,OFF_TCATA
